<?xml version="1.0" encoding="UTF-8"?>
<project-private xmlns="http://www.netbeans.org/ns/project-private/1">
    <editor-bookmarks xmlns="http://www.netbeans.org/ns/editor-bookmarks/2" lastBookmarkId="0"/>
    <open-files xmlns="http://www.netbeans.org/ns/projectui-open-files/2">
        <group>
            <file>file:/C:/Users/lab04/Documents/NetBeansProjects/AulaPolimorfismo/src/aulapolimorfismo/MinhaClasseAbstrata.java</file>
            <file>file:/C:/Users/lab04/Documents/NetBeansProjects/AulaPolimorfismo/src/aulapolimorfismo/Animal.java</file>
            <file>file:/C:/Users/lab04/Documents/NetBeansProjects/AulaPolimorfismo/src/aulapolimorfismo/AulaPolimorfismo.java</file>
            <file>file:/C:/Users/lab04/Documents/NetBeansProjects/AulaPolimorfismo/src/aulapolimorfismo/Peixe.java</file>
            <file>file:/C:/Users/lab04/Documents/NetBeansProjects/AulaPolimorfismo/src/aulapolimorfismo/NovaClasseAbstrata.java</file>
            <file>file:/C:/Users/lab04/Documents/NetBeansProjects/AulaPolimorfismo/src/aulapolimorfismo/ExtendsAbrstract.java</file>
            <file>file:/C:/Users/lab04/Documents/NetBeansProjects/AulaPolimorfismo/src/aulapolimorfismo/Ave.java</file>
            <file>file:/C:/Users/lab04/Documents/NetBeansProjects/AulaPolimorfismo/src/aulapolimorfismo/Sapo.java</file>
        </group>
    </open-files>
</project-private>
